regiao,estado,municipio,coduf,codmun,codRegiaoSaude,nomeRegiaoSaude,data,semanaEpi,populacaoTCU2019,casosAcumulado,casosNovos,obitosAcumulado,obitosNovos,Recuperadosnovos,emAcompanhamentoNovos,
Brasil,,,76,,,,25/2/2020,9,210147125,0,0,0,0,,,
Brasil,,,76,,,,26/2/2020,9,210147125,1,1,0,0,,,
Brasil,,,76,,,,27/2/2020,9,210147125,1,0,0,0,,,
Brasil,,,76,,,,28/2/2020,9,210147125,1,0,0,0,,,
Brasil,,,76,,,,29/2/2020,9,210147125,2,1,0,0,,,
Brasil,,,76,,,,1/3/2020,10,210147125,2,0,0,0,,,
Brasil,,,76,,,,2/3/2020,10,210147125,2,0,0,0,,,
Brasil,,,76,,,,3/3/2020,10,210147125,2,0,0,0,,,
Brasil,,,76,,,,4/3/2020,10,210147125,3,1,0,0,,,
Brasil,,,76,,,,5/3/2020,10,210147125,7,4,0,0,,,
Brasil,,,76,,,,6/3/2020,10,210147125,13,6,0,0,,,
Brasil,,,76,,,,7/3/2020,10,210147125,19,6,0,0,,,
Brasil,,,76,,,,8/3/2020,11,210147125,25,6,0,0,,,
Brasil,,,76,,,,9/3/2020,11,210147125,25,0,0,0,,,
Brasil,,,76,,,,10/3/2020,11,210147125,34,9,0,0,,,
Brasil,,,76,,,,11/3/2020,11,210147125,52,18,0,0,,,
Brasil,,,76,,,,12/3/2020,11,210147125,77,25,0,0,,,
Brasil,,,76,,,,13/3/2020,11,210147125,98,21,0,0,,,
Brasil,,,76,,,,14/3/2020,11,210147125,121,23,0,0,,,
Brasil,,,76,,,,15/3/2020,12,210147125,200,79,0,0,,,
Brasil,,,76,,,,16/3/2020,12,210147125,234,34,0,0,,,
Brasil,,,76,,,,17/3/2020,12,210147125,291,57,1,1,,,
Brasil,,,76,,,,18/3/2020,12,210147125,428,137,4,3,,,
Brasil,,,76,,,,19/3/2020,12,210147125,621,193,6,2,,,
Brasil,,,76,,,,20/3/2020,12,210147125,904,283,11,5,,,
Brasil,,,76,,,,21/3/2020,12,210147125,1128,224,18,7,,,
Brasil,,,76,,,,22/3/2020,13,210147125,1546,418,25,7,,,
Brasil,,,76,,,,23/3/2020,13,210147125,1891,345,34,9,,,
Brasil,,,76,,,,24/3/2020,13,210147125,2201,310,46,12,,,
Brasil,,,76,,,,25/3/2020,13,210147125,2433,232,57,11,,,
Brasil,,,76,,,,26/3/2020,13,210147125,2915,482,77,20,,,
Brasil,,,76,,,,27/3/2020,13,210147125,3417,502,92,15,,,
Brasil,,,76,,,,28/3/2020,13,210147125,3903,486,114,22,,,
Brasil,,,76,,,,29/3/2020,14,210147125,4256,353,136,22,,,
Brasil,,,76,,,,30/3/2020,14,210147125,4579,323,159,23,,,
Brasil,,,76,,,,31/3/2020,14,210147125,5717,1138,201,42,,,
Brasil,,,76,,,,1/4/2020,14,210147125,6834,1117,241,40,,,
Brasil,,,76,,,,2/4/2020,14,210147125,7910,1076,299,58,,,
Brasil,,,76,,,,3/4/2020,14,210147125,9056,1146,359,60,,,
Brasil,,,76,,,,4/4/2020,14,210147125,10278,1222,432,73,,,
Brasil,,,76,,,,5/4/2020,15,210147125,11130,852,486,54,,,
Brasil,,,76,,,,6/4/2020,15,210147125,12056,926,553,67,,,
Brasil,,,76,,,,7/4/2020,15,210147125,13717,1661,667,114,,,
Brasil,,,76,,,,8/4/2020,15,210147125,15927,2210,800,133,,,
Brasil,,,76,,,,9/4/2020,15,210147125,17857,1930,941,141,,,
Brasil,,,76,,,,10/4/2020,15,210147125,19638,1781,1056,115,,,
Brasil,,,76,,,,11/4/2020,15,210147125,20727,1089,1124,68,,,
Brasil,,,76,,,,12/4/2020,16,210147125,22169,1442,1223,99,,,
Brasil,,,76,,,,13/4/2020,16,210147125,23430,1261,1328,105,,,
Brasil,,,76,,,,14/4/2020,16,210147125,25262,1832,1532,204,,,
Brasil,,,76,,,,15/4/2020,16,210147125,28320,3058,1736,204,,,
Brasil,,,76,,,,16/4/2020,16,210147125,30425,2105,1924,188,,,
Brasil,,,76,,,,17/4/2020,16,210147125,33682,3257,2141,217,,,
Brasil,,,76,,,,18/4/2020,16,210147125,36599,2917,2347,206,,,
Brasil,,,76,,,,19/4/2020,17,210147125,38654,2055,2462,115,22130,14062,
Brasil,,,76,,,,20/4/2020,17,210147125,40581,1927,2575,113,22991,15015,
Brasil,,,76,,,,21/4/2020,17,210147125,43079,2498,2741,166,24325,16013,
Brasil,,,76,,,,22/4/2020,17,210147125,45757,2678,2906,165,25318,17533,
Brasil,,,76,,,,23/4/2020,17,210147125,49492,3735,3313,407,26573,19606,
Brasil,,,76,,,,24/4/2020,17,210147125,52995,3503,3670,357,27655,21670,
Brasil,,,76,,,,25/4/2020,17,210147125,58509,5514,4016,346,29160,25333,
Brasil,,,76,,,,26/4/2020,18,210147125,61888,3379,4205,189,30152,27531,
Brasil,,,76,,,,27/4/2020,18,210147125,66501,4613,4543,338,31142,30816,
Brasil,,,76,,,,28/4/2020,18,210147125,71886,5385,5017,474,32544,34325,
Brasil,,,76,,,,29/4/2020,18,210147125,78162,6276,5466,449,34132,38564,
Brasil,,,76,,,,30/4/2020,18,210147125,85380,7218,5901,435,35935,43544,
Brasil,,,76,,,,1/5/2020,18,210147125,91299,5919,6329,428,38039,47221,
Brasil,,,76,,,,2/5/2020,18,210147125,96396,5097,6724,395,40937,48872,
Brasil,,,76,,,,3/5/2020,19,210147125,101147,4751,7025,301,42991,51131,
Brasil,,,76,,,,4/5/2020,19,210147125,107780,6633,7321,296,45186,55273,
Brasil,,,76,,,,5/5/2020,19,210147125,114715,6935,7921,600,48221,58573,
Brasil,,,76,,,,6/5/2020,19,210147125,125218,10503,8535,614,51370,65312,
Brasil,,,76,,,,7/5/2020,19,210147125,135106,9888,9146,611,55350,70610,
Brasil,,,76,,,,8/5/2020,19,210147125,145328,10222,9895,749,59297,76134,
Brasil,,,76,,,,9/5/2020,19,210147125,155939,10611,10627,732,61685,83627,
Brasil,,,76,,,,10/5/2020,20,210147125,162699,6760,11123,496,64957,86619,
Brasil,,,76,,,,11/5/2020,20,210147125,168331,5632,11519,396,67384,89429,
Brasil,,,76,,,,12/5/2020,20,210147125,177589,9258,12400,881,72597,92593,
Brasil,,,76,,,,13/5/2020,20,210147125,188974,11385,13149,749,78424,97402,
Brasil,,,76,,,,14/5/2020,20,210147125,202918,13944,13993,844,79479,109446,
Brasil,,,76,,,,15/5/2020,20,210147125,218223,15305,14817,824,84970,118436,
Brasil,,,76,,,,16/5/2020,20,210147125,233142,14919,15633,816,89672,127837,
Brasil,,,76,,,,17/5/2020,21,210147125,241080,7938,16118,485,94122,130840,
Brasil,,,76,,,,18/5/2020,21,210147125,254220,13140,16792,674,100459,136969,
Brasil,,,76,,,,19/5/2020,21,210147125,271628,17408,17971,1179,106794,146863,
Brasil,,,76,,,,20/5/2020,21,210147125,291579,19951,18859,888,116683,156037,
Brasil,,,76,,,,21/5/2020,21,210147125,310087,18508,20047,1188,125960,164080,
Brasil,,,76,,,,22/5/2020,21,210147125,330890,20803,21046,999,135430,174412,
Brasil,,,76,,,,23/5/2020,21,210147125,347398,16508,22013,967,142587,182798,
Brasil,,,76,,,,24/5/2020,22,210147125,363211,15813,22666,653,149911,190634,
Brasil,,,76,,,,25/5/2020,22,210147125,374898,11687,23473,807,153833,197592,
Brasil,,,76,,,,26/5/2020,22,210147125,391222,16324,24512,1039,158593,208117,
Brasil,,,76,,,,27/5/2020,22,210147125,411821,20599,25598,1086,166647,219576,
Brasil,,,76,,,,28/5/2020,22,210147125,438238,26417,26754,1156,177604,233880,
Brasil,,,76,,,,29/5/2020,22,210147125,465166,26928,27878,1124,189476,247812,
Brasil,,,76,,,,30/5/2020,22,210147125,498440,33274,28834,956,200892,268714,
Brasil,,,76,,,,31/5/2020,23,210147125,514200,15760,29314,480,206555,278331,
Brasil,,,76,,,,1/6/2020,23,210147125,526447,12247,29937,623,211080,285430,
Brasil,,,76,,,,2/6/2020,23,210147125,555383,28936,31199,1262,223638,300546,
Brasil,,,76,,,,3/6/2020,23,210147125,584016,28633,32548,1349,238617,312851,
Brasil,,,76,,,,4/6/2020,23,210147125,614941,30925,34021,1473,254963,325957,
Brasil,,,76,,,,5/6/2020,23,210147125,645771,30830,35026,1005,266940,343805,
Brasil,,,76,,,,6/6/2020,23,210147125,672846,27075,35930,904,277149,359767,
Brasil,,,76,,,,7/6/2020,24,210147125,691758,18912,36455,525,283952,371351,
Brasil,,,76,,,,8/6/2020,24,210147125,707412,15654,37134,679,290040,380238,
Brasil,,,76,,,,9/6/2020,24,210147125,739503,32091,38406,1272,311064,390033,
Brasil,,,76,,,,10/6/2020,24,210147125,772416,32913,39680,1274,325395,407341,
Brasil,,,76,,,,11/6/2020,24,210147125,802828,30412,40919,1239,345595,416314,
Brasil,,,76,,,,12/6/2020,24,210147125,828810,25982,41828,909,365063,421919,
Brasil,,,76,,,,13/6/2020,24,210147125,850514,21704,42720,892,379245,428549,
Brasil,,,76,,,,14/6/2020,25,210147125,867624,17110,43332,612,388492,435800,
Brasil,,,76,,,,15/6/2020,25,210147125,888271,20647,43959,627,412252,432060,
Brasil,,,76,,,,16/6/2020,25,210147125,923189,34918,45241,1282,441729,436219,
Brasil,,,76,,,,17/6/2020,25,210147125,955377,32188,46510,1269,463474,445393,
Brasil,,,76,,,,18/6/2020,25,210147125,978142,22765,47748,1238,482102,448292,
Brasil,,,76,,,,19/6/2020,25,210147125,1032913,54771,48954,1206,507200,476759,
Brasil,,,76,,,,20/6/2020,25,210147125,1067579,34666,49976,1022,520734,496869,
Brasil,,,76,,,,21/6/2020,26,210147125,1085038,17459,50617,641,549386,485035,
Brasil,,,76,,,,22/6/2020,26,210147125,1106470,21432,51271,654,571649,483550,
Brasil,,,76,,,,23/6/2020,26,210147125,1145906,39436,52645,1374,613345,479916,
Brasil,,,76,,,,24/6/2020,26,210147125,1188631,42725,53830,1185,649908,484893,
Brasil,,,76,,,,25/6/2020,26,210147125,1228114,39483,54971,1141,673729,499414,
Brasil,,,76,,,,26/6/2020,26,210147125,1274974,46860,55961,990,697526,521487,
Brasil,,,76,,,,27/6/2020,26,210147125,1313667,38693,57070,1109,715905,540692,
Brasil,,,76,,,,28/6/2020,27,210147125,1344143,30476,57622,552,733848,552673,
Brasil,,,76,,,,29/6/2020,27,210147125,1368195,24052,58314,692,757462,552419,
Brasil,,,76,,,,30/6/2020,27,210147125,1402041,33846,59594,1280,790040,552407,
Brasil,,,76,,,,1/7/2020,27,210147125,1448753,46712,60632,1038,826866,561255,
Brasil,,,76,,,,2/7/2020,27,210147125,1496858,48105,61884,1252,852816,582158,
Brasil,,,76,,,,3/7/2020,27,210147125,1539081,42223,63174,1290,868372,607535,
Brasil,,,76,,,,4/7/2020,27,210147125,1577004,37923,64265,1091,876359,636380,
Brasil,,,76,,,,5/7/2020,28,210147125,1603055,26051,64867,602,906286,631902,
Brasil,,,76,,,,6/7/2020,28,210147125,1623284,20229,65487,620,927292,630505,
Brasil,,,76,,,,7/7/2020,28,210147125,1668589,45305,66741,1254,976977,624871,
Brasil,,,76,,,,8/7/2020,28,210147125,1713160,44571,67964,1223,1020901,624295,
Brasil,,,76,,,,9/7/2020,28,210147125,1755779,42619,69184,1220,1054043,632552,
Brasil,,,76,,,,10/7/2020,28,210147125,1800827,45048,70398,1214,1078763,651666,
Nordeste,CE,,23,,,,11/3/2020,11,9132078,0,0,0,0,,,
Nordeste,CE,,23,,,,12/3/2020,11,9132078,0,0,0,0,,,
Nordeste,CE,,23,,,,13/3/2020,11,9132078,0,0,0,0,,,
Nordeste,CE,,23,,,,14/3/2020,11,9132078,0,0,0,0,,,
Nordeste,CE,,23,,,,15/3/2020,12,9132078,0,0,0,0,,,
Nordeste,CE,,23,,,,16/3/2020,12,9132078,0,0,0,0,,,
Nordeste,CE,,23,,,,17/3/2020,12,9132078,5,5,0,0,,,
Nordeste,CE,,23,,,,18/3/2020,12,9132078,9,4,0,0,,,
Nordeste,CE,,23,,,,19/3/2020,12,9132078,20,11,0,0,,,
Nordeste,CE,,23,,,,20/3/2020,12,9132078,55,35,0,0,,,
Nordeste,CE,,23,,,,21/3/2020,12,9132078,68,13,0,0,,,
Nordeste,CE,,23,,,,22/3/2020,13,9132078,112,44,0,0,,,
Nordeste,CE,,23,,,,23/3/2020,13,9132078,163,51,0,0,,,
Nordeste,CE,,23,,,,24/3/2020,13,9132078,182,19,0,0,,,
Nordeste,CE,,23,,,,25/3/2020,13,9132078,200,18,0,0,,,
Nordeste,CE,,23,,,,26/3/2020,13,9132078,235,35,3,3,,,
Nordeste,CE,,23,,,,27/3/2020,13,9132078,282,47,3,0,,,
Nordeste,CE,,23,,,,28/3/2020,13,9132078,314,32,4,1,,,
Nordeste,CE,,23,,,,29/3/2020,14,9132078,348,34,5,1,,,
Nordeste,CE,,23,,,,30/3/2020,14,9132078,372,24,5,0,,,
Nordeste,CE,,23,,,,31/3/2020,14,9132078,390,18,7,2,,,
Nordeste,CE,,23,,,,1/4/2020,14,9132078,444,54,8,1,,,
Nordeste,CE,,23,,,,2/4/2020,14,9132078,550,106,20,12,,,
Nordeste,CE,,23,,,,3/4/2020,14,9132078,627,77,22,2,,,
Nordeste,CE,,23,,,,4/4/2020,14,9132078,730,103,22,0,,,
Nordeste,CE,,23,,,,5/4/2020,15,9132078,823,93,26,4,,,
Nordeste,CE,,23,,,,6/4/2020,15,9132078,1013,190,29,3,,,
Nordeste,CE,,23,,,,7/4/2020,15,9132078,1051,38,31,2,,,
Nordeste,CE,,23,,,,8/4/2020,15,9132078,1291,240,43,12,,,
Nordeste,CE,,23,,,,9/4/2020,15,9132078,1425,134,55,12,,,
Nordeste,CE,,23,,,,10/4/2020,15,9132078,1478,53,58,3,,,
Nordeste,CE,,23,,,,11/4/2020,15,9132078,1582,104,67,9,,,
Nordeste,CE,,23,,,,12/4/2020,16,9132078,1676,94,74,7,,,
Nordeste,CE,,23,,,,13/4/2020,16,9132078,1800,124,91,17,,,
Nordeste,CE,,23,,,,14/4/2020,16,9132078,2005,205,107,16,,,
Nordeste,CE,,23,,,,15/4/2020,16,9132078,2157,152,116,9,,,
Nordeste,CE,,23,,,,16/4/2020,16,9132078,2386,229,124,8,,,
Nordeste,CE,,23,,,,17/4/2020,16,9132078,2684,298,149,25,,,
Nordeste,CE,,23,,,,18/4/2020,16,9132078,3034,350,176,27,,,
Nordeste,CE,,23,,,,19/4/2020,17,9132078,3252,218,186,10,,,
Nordeste,CE,,23,,,,20/4/2020,17,9132078,3482,230,198,12,,,
Nordeste,CE,,23,,,,21/4/2020,17,9132078,3716,234,215,17,,,
Nordeste,CE,,23,,,,22/4/2020,17,9132078,3910,194,233,18,,,
Nordeste,CE,,23,,,,23/4/2020,17,9132078,4598,688,266,33,,,
Nordeste,CE,,23,,,,24/4/2020,17,9132078,4800,202,284,18,,,
Nordeste,CE,,23,,,,25/4/2020,17,9132078,5421,621,310,26,,,
Nordeste,CE,,23,,,,26/4/2020,18,9132078,5833,412,327,17,,,
Nordeste,CE,,23,,,,27/4/2020,18,9132078,6726,893,390,63,,,
Nordeste,CE,,23,,,,28/4/2020,18,9132078,6918,192,403,13,,,
Nordeste,CE,,23,,,,29/4/2020,18,9132078,7267,349,441,38,,,
Nordeste,CE,,23,,,,30/4/2020,18,9132078,7606,339,482,41,,,
Nordeste,CE,,23,,,,1/5/2020,18,9132078,7879,273,505,23,,,
Nordeste,CE,,23,,,,2/5/2020,18,9132078,8231,352,614,109,,,
Nordeste,CE,,23,,,,3/5/2020,19,9132078,8370,139,663,49,,,
Nordeste,CE,,23,,,,4/5/2020,19,9132078,11040,2670,712,49,,,
Nordeste,CE,,23,,,,5/5/2020,19,9132078,11470,430,795,83,,,
Nordeste,CE,,23,,,,6/5/2020,19,9132078,12304,834,848,53,,,
Nordeste,CE,,23,,,,7/5/2020,19,9132078,13888,1584,903,55,,,
Nordeste,CE,,23,,,,8/5/2020,19,9132078,14956,1068,966,63,,,
Nordeste,CE,,23,,,,9/5/2020,19,9132078,15879,923,1062,96,,,
Nordeste,CE,,23,,,,10/5/2020,20,9132078,16692,813,1114,52,,,
Nordeste,CE,,23,,,,11/5/2020,20,9132078,17599,907,1189,75,,,
Nordeste,CE,,23,,,,12/5/2020,20,9132078,18412,813,1280,91,,,
Nordeste,CE,,23,,,,13/5/2020,20,9132078,19156,744,1389,109,,,
Nordeste,CE,,23,,,,14/5/2020,20,9132078,21077,1921,1413,24,,,
Nordeste,CE,,23,,,,15/5/2020,20,9132078,22490,1413,1476,63,,,
Nordeste,CE,,23,,,,16/5/2020,20,9132078,23795,1305,1614,138,,,
Nordeste,CE,,23,,,,17/5/2020,21,9132078,24255,460,1641,27,,,
Nordeste,CE,,23,,,,18/5/2020,21,9132078,26363,2108,1748,107,,,
Nordeste,CE,,23,,,,19/5/2020,21,9132078,28112,1749,1856,108,,,
Nordeste,CE,,23,,,,20/5/2020,21,9132078,30560,2448,1900,44,,,
Nordeste,CE,,23,,,,21/5/2020,21,9132078,31413,853,2161,261,,,
Nordeste,CE,,23,,,,22/5/2020,21,9132078,34573,3160,2251,90,,,
Nordeste,CE,,23,,,,23/5/2020,21,9132078,35122,549,2308,57,,,
Nordeste,CE,,23,,,,24/5/2020,22,9132078,35595,473,2324,16,,,
Nordeste,CE,,23,,,,25/5/2020,22,9132078,36185,590,2493,169,,,
Nordeste,CE,,23,,,,26/5/2020,22,9132078,37021,836,2603,110,,,
Nordeste,CE,,23,,,,27/5/2020,22,9132078,37275,254,2671,68,,,
Nordeste,CE,,23,,,,28/5/2020,22,9132078,37821,546,2733,62,,,
Nordeste,CE,,23,,,,29/5/2020,22,9132078,38395,574,2859,126,,,
Nordeste,CE,,23,,,,30/5/2020,22,9132078,46506,8111,2956,97,,,
Nordeste,CE,,23,,,,31/5/2020,23,9132078,48489,1983,3010,54,,,
Nordeste,CE,,23,,,,1/6/2020,23,9132078,50504,2015,3188,178,,,
Nordeste,CE,,23,,,,2/6/2020,23,9132078,53073,2569,3421,233,,,
Nordeste,CE,,23,,,,3/6/2020,23,9132078,56056,2983,3605,184,,,
Nordeste,CE,,23,,,,4/6/2020,23,9132078,59795,3739,3813,208,,,
Nordeste,CE,,23,,,,5/6/2020,23,9132078,61595,1800,3890,77,,,
Nordeste,CE,,23,,,,6/6/2020,23,9132078,63575,1980,3965,75,,,
Nordeste,CE,,23,,,,7/6/2020,24,9132078,64271,696,3982,17,,,
Nordeste,CE,,23,,,,8/6/2020,24,9132078,65605,1334,4120,138,,,
Nordeste,CE,,23,,,,9/6/2020,24,9132078,68384,2779,4309,189,,,
Nordeste,CE,,23,,,,10/6/2020,24,9132078,71402,3018,4480,171,,,
Nordeste,CE,,23,,,,11/6/2020,24,9132078,73879,2477,4663,183,,,
Nordeste,CE,,23,,,,12/6/2020,24,9132078,75705,1826,4788,125,,,
Nordeste,CE,,23,,,,13/6/2020,24,9132078,76429,724,4829,41,,,
Nordeste,CE,,23,,,,14/6/2020,25,9132078,76748,319,4861,32,,,
Nordeste,CE,,23,,,,15/6/2020,25,9132078,79462,2714,4999,138,,,
Nordeste,CE,,23,,,,16/6/2020,25,9132078,81289,1827,5070,71,,,
Nordeste,CE,,23,,,,17/6/2020,25,9132078,84967,3678,5282,212,,,
Nordeste,CE,,23,,,,18/6/2020,25,9132078,87273,2306,5377,95,,,
Nordeste,CE,,23,,,,19/6/2020,25,9132078,89863,2590,5460,83,,,
Nordeste,CE,,23,,,,20/6/2020,25,9132078,92156,2293,5518,58,,,
Nordeste,CE,,23,,,,21/6/2020,26,9132078,92866,710,5523,5,,,
Nordeste,CE,,23,,,,22/6/2020,26,9132078,94158,1292,5604,81,,,
Nordeste,CE,,23,,,,23/6/2020,26,9132078,97528,3370,5717,113,,,
Nordeste,CE,,23,,,,24/6/2020,26,9132078,99578,2050,5815,98,,,
Nordeste,CE,,23,,,,25/6/2020,26,9132078,102126,2548,5875,60,,,
Nordeste,CE,,23,,,,26/6/2020,26,9132078,104422,2296,5920,45,,,
Nordeste,CE,,23,,,,27/6/2020,26,9132078,106628,2206,5981,61,,,
Nordeste,CE,,23,,,,28/6/2020,27,9132078,107568,940,5990,9,,,
Nordeste,CE,,23,,,,29/6/2020,27,9132078,108225,657,6076,86,,,
Nordeste,CE,,23,,,,30/6/2020,27,9132078,108699,474,6146,70,,,
Nordeste,CE,,23,,,,1/7/2020,27,9132078,113017,4318,6180,34,,,
Nordeste,CE,,23,,,,2/7/2020,27,9132078,115524,2507,6284,104,,,
Nordeste,CE,,23,,,,3/7/2020,27,9132078,118041,2517,6351,67,,,
Nordeste,CE,,23,,,,4/7/2020,27,9132078,120952,2911,6411,60,,,
Nordeste,CE,,23,,,,5/7/2020,28,9132078,121464,512,6441,30,,,
Nordeste,CE,,23,,,,6/7/2020,28,9132078,122477,1013,6481,40,,,
Nordeste,CE,,23,,,,7/7/2020,28,9132078,124952,2475,6556,75,,,
Nordeste,CE,,23,,,,8/7/2020,28,9132078,128471,3519,6665,109,,,
Nordeste,CE,,23,,,,9/7/2020,28,9132078,131000,2529,6741,76,,,
Nordeste,CE,,23,,,,10/7/2020,28,9132078,133546,2546,6777,36,,,
Nordeste,CE,Fortaleza,23,230440,23001,1ª REGIAO FORTALEZA,10/4/2020,15,2669342,1366,83,53,8,,,
Nordeste,CE,Fortaleza,23,230440,23001,1ª REGIAO FORTALEZA,11/4/2020,15,2669342,1457,91,58,5,,,
Nordeste,CE,Fortaleza,23,230440,23001,1ª REGIAO FORTALEZA,12/4/2020,16,2669342,1529,72,59,1,,,
Nordeste,CE,Fortaleza,23,230440,23001,1ª REGIAO FORTALEZA,13/4/2020,16,2669342,1686,157,78,19,,,
Nordeste,CE,Fortaleza,23,230440,23001,1ª REGIAO FORTALEZA,14/4/2020,16,2669342,1794,108,86,8,,,
Nordeste,CE,Fortaleza,23,230440,23001,1ª REGIAO FORTALEZA,15/4/2020,16,2669342,1946,152,93,7,,,
Nordeste,CE,Fortaleza,23,230440,23001,1ª REGIAO FORTALEZA,16/4/2020,16,2669342,2041,95,95,2,,,
Nordeste,CE,Fortaleza,23,230440,23001,1ª REGIAO FORTALEZA,17/4/2020,16,2669342,2263,222,113,18,,,
Nordeste,CE,Fortaleza,23,230440,23001,1ª REGIAO FORTALEZA,18/4/2020,16,2669342,2562,299,141,28,,,
Nordeste,CE,Fortaleza,23,230440,23001,1ª REGIAO FORTALEZA,19/4/2020,17,2669342,2688,126,148,7,,,
Nordeste,CE,Fortaleza,23,230440,23001,1ª REGIAO FORTALEZA,20/4/2020,17,2669342,2840,152,164,16,,,
Nordeste,CE,Fortaleza,23,230440,23001,1ª REGIAO FORTALEZA,21/4/2020,17,2669342,3018,178,178,14,,,
Nordeste,CE,Fortaleza,23,230440,23001,1ª REGIAO FORTALEZA,22/4/2020,17,2669342,3303,285,189,11,,,
Nordeste,CE,Fortaleza,23,230440,23001,1ª REGIAO FORTALEZA,23/4/2020,17,2669342,3791,488,212,23,,,
Nordeste,CE,Fortaleza,23,230440,23001,1ª REGIAO FORTALEZA,24/4/2020,17,2669342,4063,272,228,16,,,
Nordeste,CE,Fortaleza,23,230440,23001,1ª REGIAO FORTALEZA,25/4/2020,17,2669342,4541,478,259,31,,,
Nordeste,CE,Fortaleza,23,230440,23001,1ª REGIAO FORTALEZA,26/4/2020,18,2669342,4852,311,285,26,,,
Nordeste,CE,Fortaleza,23,230440,23001,1ª REGIAO FORTALEZA,27/4/2020,18,2669342,5280,428,310,25,,,
Nordeste,CE,Fortaleza,23,230440,23001,1ª REGIAO FORTALEZA,28/4/2020,18,2669342,5481,201,329,19,,,
Nordeste,CE,Fortaleza,23,230440,23001,1ª REGIAO FORTALEZA,29/4/2020,18,2669342,5712,231,349,20,,,
Nordeste,CE,Fortaleza,23,230440,23001,1ª REGIAO FORTALEZA,30/4/2020,18,2669342,5875,163,373,24,,,
Nordeste,CE,Fortaleza,23,230440,23001,1ª REGIAO FORTALEZA,1/5/2020,18,2669342,6083,208,403,30,,,
Nordeste,CE,Fortaleza,23,230440,23001,1ª REGIAO FORTALEZA,2/5/2020,18,2669342,6353,270,498,95,,,
Nordeste,CE,Fortaleza,23,230440,23001,1ª REGIAO FORTALEZA,3/5/2020,19,2669342,6417,64,528,30,,,
Nordeste,CE,Fortaleza,23,230440,23001,1ª REGIAO FORTALEZA,4/5/2020,19,2669342,8198,1781,553,25,,,
Nordeste,CE,Fortaleza,23,230440,23001,1ª REGIAO FORTALEZA,5/5/2020,19,2669342,8509,311,608,55,,,
Nordeste,CE,Fortaleza,23,230440,23001,1ª REGIAO FORTALEZA,6/5/2020,19,2669342,9061,552,651,43,,,
Nordeste,CE,Fortaleza,23,230440,23001,1ª REGIAO FORTALEZA,7/5/2020,19,2669342,9669,608,694,43,,,
Nordeste,CE,Fortaleza,23,230440,23001,1ª REGIAO FORTALEZA,8/5/2020,19,2669342,10348,679,741,47,,,
Nordeste,CE,Fortaleza,23,230440,23001,1ª REGIAO FORTALEZA,9/5/2020,19,2669342,10995,647,809,68,,,
Nordeste,CE,Fortaleza,23,230440,23001,1ª REGIAO FORTALEZA,10/5/2020,20,2669342,11556,561,840,31,,,
Nordeste,CE,Fortaleza,23,230440,23001,1ª REGIAO FORTALEZA,11/5/2020,20,2669342,11935,379,893,53,,,
Nordeste,CE,Fortaleza,23,230440,23001,1ª REGIAO FORTALEZA,12/5/2020,20,2669342,12484,549,950,57,,,
Nordeste,CE,Fortaleza,23,230440,23001,1ª REGIAO FORTALEZA,13/5/2020,20,2669342,13037,553,1022,72,,,
Nordeste,CE,Fortaleza,23,230440,23001,1ª REGIAO FORTALEZA,14/5/2020,20,2669342,13777,740,1039,17,,,
Nordeste,CE,Fortaleza,23,230440,23001,1ª REGIAO FORTALEZA,15/5/2020,20,2669342,14259,482,1088,49,,,
Nordeste,CE,Fortaleza,23,230440,23001,1ª REGIAO FORTALEZA,16/5/2020,20,2669342,15162,903,1163,75,,,
Nordeste,CE,Fortaleza,23,230440,23001,1ª REGIAO FORTALEZA,17/5/2020,21,2669342,15371,209,1174,11,,,
Nordeste,CE,Fortaleza,23,230440,23001,1ª REGIAO FORTALEZA,18/5/2020,21,2669342,16169,798,1253,79,,,
Nordeste,CE,Fortaleza,23,230440,23001,1ª REGIAO FORTALEZA,19/5/2020,21,2669342,16784,615,1307,54,,,
Nordeste,CE,Fortaleza,23,230440,23001,1ª REGIAO FORTALEZA,20/5/2020,21,2669342,18010,1226,1333,26,,,
Nordeste,CE,Fortaleza,23,230440,23001,1ª REGIAO FORTALEZA,21/5/2020,21,2669342,18644,634,1503,170,,,
Nordeste,CE,Fortaleza,23,230440,23001,1ª REGIAO FORTALEZA,22/5/2020,21,2669342,19270,626,1548,45,,,
Nordeste,CE,Fortaleza,23,230440,23001,1ª REGIAO FORTALEZA,23/5/2020,21,2669342,19552,282,1574,26,,,
Nordeste,CE,Fortaleza,23,230440,23001,1ª REGIAO FORTALEZA,24/5/2020,22,2669342,19795,243,1579,5,,,
Nordeste,CE,Fortaleza,23,230440,23001,1ª REGIAO FORTALEZA,25/5/2020,22,2669342,20146,351,1687,108,,,
Nordeste,CE,Fortaleza,23,230440,23001,1ª REGIAO FORTALEZA,26/5/2020,22,2669342,20789,643,1769,82,,,
Nordeste,CE,Fortaleza,23,230440,23001,1ª REGIAO FORTALEZA,27/5/2020,22,2669342,20939,150,1783,14,,,
Nordeste,CE,Fortaleza,23,230440,23001,1ª REGIAO FORTALEZA,28/5/2020,22,2669342,21328,389,1804,21,,,
Nordeste,CE,Fortaleza,23,230440,23001,1ª REGIAO FORTALEZA,29/5/2020,22,2669342,21705,377,1877,73,,,
Nordeste,CE,Fortaleza,23,230440,23001,1ª REGIAO FORTALEZA,30/5/2020,22,2669342,23378,1673,1939,62,,,
Nordeste,CE,Fortaleza,23,230440,23001,1ª REGIAO FORTALEZA,31/5/2020,23,2669342,23613,235,1967,28,,,
Nordeste,CE,Fortaleza,23,230440,23001,1ª REGIAO FORTALEZA,1/6/2020,23,2669342,24104,491,2084,117,,,
Nordeste,CE,Fortaleza,23,230440,23001,1ª REGIAO FORTALEZA,2/6/2020,23,2669342,24897,793,2231,147,,,
Nordeste,CE,Fortaleza,23,230440,23001,1ª REGIAO FORTALEZA,3/6/2020,23,2669342,25726,829,2334,103,,,
Nordeste,CE,Fortaleza,23,230440,23001,1ª REGIAO FORTALEZA,4/6/2020,23,2669342,26514,788,2424,90,,,
Nordeste,CE,Fortaleza,23,230440,23001,1ª REGIAO FORTALEZA,5/6/2020,23,2669342,26933,419,2444,20,,,
Nordeste,CE,Fortaleza,23,230440,23001,1ª REGIAO FORTALEZA,6/6/2020,23,2669342,27320,387,2459,15,,,
Nordeste,CE,Fortaleza,23,230440,23001,1ª REGIAO FORTALEZA,7/6/2020,24,2669342,27411,91,2458,-1,,,
Nordeste,CE,Fortaleza,23,230440,23001,1ª REGIAO FORTALEZA,8/6/2020,24,2669342,27706,295,2539,81,,,
Nordeste,CE,Fortaleza,23,230440,23001,1ª REGIAO FORTALEZA,9/6/2020,24,2669342,28366,660,2615,76,,,
Nordeste,CE,Fortaleza,23,230440,23001,1ª REGIAO FORTALEZA,10/6/2020,24,2669342,29141,775,2697,82,,,
Nordeste,CE,Fortaleza,23,230440,23001,1ª REGIAO FORTALEZA,11/6/2020,24,2669342,29711,570,2783,86,,,
Nordeste,CE,Fortaleza,23,230440,23001,1ª REGIAO FORTALEZA,12/6/2020,24,2669342,30171,460,2843,60,,,
Nordeste,CE,Fortaleza,23,230440,23001,1ª REGIAO FORTALEZA,13/6/2020,24,2669342,30323,152,2851,8,,,
Nordeste,CE,Fortaleza,23,230440,23001,1ª REGIAO FORTALEZA,14/6/2020,25,2669342,30409,86,2853,2,,,
Nordeste,CE,Fortaleza,23,230440,23001,1ª REGIAO FORTALEZA,15/6/2020,25,2669342,30863,454,2915,62,,,
Nordeste,CE,Fortaleza,23,230440,23001,1ª REGIAO FORTALEZA,16/6/2020,25,2669342,31149,286,2943,28,,,
Nordeste,CE,Fortaleza,23,230440,23001,1ª REGIAO FORTALEZA,17/6/2020,25,2669342,31779,630,3053,110,,,
Nordeste,CE,Fortaleza,23,230440,23001,1ª REGIAO FORTALEZA,18/6/2020,25,2669342,32093,314,3084,31,,,
Nordeste,CE,Fortaleza,23,230440,23001,1ª REGIAO FORTALEZA,19/6/2020,25,2669342,32473,380,3110,26,,,
Nordeste,CE,Fortaleza,23,230440,23001,1ª REGIAO FORTALEZA,20/6/2020,25,2669342,32775,302,3112,2,,,
Nordeste,CE,Fortaleza,23,230440,23001,1ª REGIAO FORTALEZA,21/6/2020,26,2669342,32854,79,3110,-2,,,
Nordeste,CE,Fortaleza,23,230440,23001,1ª REGIAO FORTALEZA,22/6/2020,26,2669342,33072,218,3138,28,,,1
Nordeste,CE,Fortaleza,23,230440,23001,1ª REGIAO FORTALEZA,23/6/2020,26,2669342,33751,679,3176,38,,,1
Nordeste,CE,Fortaleza,23,230440,23001,1ª REGIAO FORTALEZA,24/6/2020,26,2669342,34027,276,3212,36,,,1
Nordeste,CE,Fortaleza,23,230440,23001,1ª REGIAO FORTALEZA,25/6/2020,26,2669342,34313,286,3229,17,,,1
Nordeste,CE,Fortaleza,23,230440,23001,1ª REGIAO FORTALEZA,26/6/2020,26,2669342,34580,267,3235,6,,,1
Nordeste,CE,Fortaleza,23,230440,23001,1ª REGIAO FORTALEZA,27/6/2020,26,2669342,34929,349,3244,9,,,1
Nordeste,CE,Fortaleza,23,230440,23001,1ª REGIAO FORTALEZA,28/6/2020,27,2669342,35029,100,3245,1,,,1
Nordeste,CE,Fortaleza,23,230440,23001,1ª REGIAO FORTALEZA,29/6/2020,27,2669342,35081,52,3276,31,,,1
Nordeste,CE,Fortaleza,23,230440,23001,1ª REGIAO FORTALEZA,30/6/2020,27,2669342,35313,232,3288,12,,,1
Nordeste,CE,Fortaleza,23,230440,23001,1ª REGIAO FORTALEZA,1/7/2020,27,2669342,35523,210,3295,7,,,1
Nordeste,CE,Fortaleza,23,230440,23001,1ª REGIAO FORTALEZA,2/7/2020,27,2669342,35784,261,3323,28,,,1
Nordeste,CE,Fortaleza,23,230440,23001,1ª REGIAO FORTALEZA,3/7/2020,27,2669342,36100,316,3346,23,,,1
Nordeste,CE,Fortaleza,23,230440,23001,1ª REGIAO FORTALEZA,4/7/2020,27,2669342,36828,728,3366,20,,,1
Nordeste,CE,Fortaleza,23,230440,23001,1ª REGIAO FORTALEZA,5/7/2020,28,2669342,36875,47,3377,11,,,1
Nordeste,CE,Fortaleza,23,230440,23001,1ª REGIAO FORTALEZA,6/7/2020,28,2669342,37037,162,3377,0,,,1
Nordeste,CE,Fortaleza,23,230440,23001,1ª REGIAO FORTALEZA,7/7/2020,28,2669342,37258,221,3396,19,,,1
Nordeste,CE,Fortaleza,23,230440,23001,1ª REGIAO FORTALEZA,8/7/2020,28,2669342,37601,343,3447,51,,,1
Nordeste,CE,Fortaleza,23,230440,23001,1ª REGIAO FORTALEZA,9/7/2020,28,2669342,37713,112,3453,6,,,1
Nordeste,CE,Fortaleza,23,230440,23001,1ª REGIAO FORTALEZA,10/7/2020,28,2669342,37836,123,3464,11,,,1
Nordeste,CE,Itapipoca,23,230640,23006,6ª REGIAO ITAPIPOCA,10/4/2020,15,129358,1,0,0,0,,,
Nordeste,CE,Itapipoca,23,230640,23006,6ª REGIAO ITAPIPOCA,11/4/2020,15,129358,1,0,0,0,,,
Nordeste,CE,Itapipoca,23,230640,23006,6ª REGIAO ITAPIPOCA,12/4/2020,16,129358,1,0,0,0,,,
Nordeste,CE,Itapipoca,23,230640,23006,6ª REGIAO ITAPIPOCA,13/4/2020,16,129358,2,1,0,0,,,
Nordeste,CE,Itapipoca,23,230640,23006,6ª REGIAO ITAPIPOCA,14/4/2020,16,129358,2,0,0,0,,,
Nordeste,CE,Itapipoca,23,230640,23006,6ª REGIAO ITAPIPOCA,15/4/2020,16,129358,2,0,0,0,,,
Nordeste,CE,Itapipoca,23,230640,23006,6ª REGIAO ITAPIPOCA,16/4/2020,16,129358,1,-1,0,0,,,
Nordeste,CE,Itapipoca,23,230640,23006,6ª REGIAO ITAPIPOCA,17/4/2020,16,129358,2,1,0,0,,,
Nordeste,CE,Itapipoca,23,230640,23006,6ª REGIAO ITAPIPOCA,18/4/2020,16,129358,4,2,0,0,,,
Nordeste,CE,Itapipoca,23,230640,23006,6ª REGIAO ITAPIPOCA,19/4/2020,17,129358,5,1,0,0,,,
Nordeste,CE,Itapipoca,23,230640,23006,6ª REGIAO ITAPIPOCA,20/4/2020,17,129358,5,0,0,0,,,
Nordeste,CE,Itapipoca,23,230640,23006,6ª REGIAO ITAPIPOCA,21/4/2020,17,129358,5,0,0,0,,,
Nordeste,CE,Itapipoca,23,230640,23006,6ª REGIAO ITAPIPOCA,22/4/2020,17,129358,5,0,0,0,,,
Nordeste,CE,Itapipoca,23,230640,23006,6ª REGIAO ITAPIPOCA,23/4/2020,17,129358,5,0,0,0,,,
Nordeste,CE,Itapipoca,23,230640,23006,6ª REGIAO ITAPIPOCA,24/4/2020,17,129358,7,2,0,0,,,
Nordeste,CE,Itapipoca,23,230640,23006,6ª REGIAO ITAPIPOCA,25/4/2020,17,129358,18,11,0,0,,,
Nordeste,CE,Itapipoca,23,230640,23006,6ª REGIAO ITAPIPOCA,26/4/2020,18,129358,19,1,0,0,,,
Nordeste,CE,Itapipoca,23,230640,23006,6ª REGIAO ITAPIPOCA,27/4/2020,18,129358,23,4,0,0,,,
Nordeste,CE,Itapipoca,23,230640,23006,6ª REGIAO ITAPIPOCA,28/4/2020,18,129358,23,0,0,0,,,
Nordeste,CE,Itapipoca,23,230640,23006,6ª REGIAO ITAPIPOCA,29/4/2020,18,129358,42,19,0,0,,,
Nordeste,CE,Itapipoca,23,230640,23006,6ª REGIAO ITAPIPOCA,30/4/2020,18,129358,43,1,1,1,,,
Nordeste,CE,Itapipoca,23,230640,23006,6ª REGIAO ITAPIPOCA,1/5/2020,18,129358,58,15,3,2,,,
Nordeste,CE,Itapipoca,23,230640,23006,6ª REGIAO ITAPIPOCA,2/5/2020,18,129358,59,1,4,1,,,
Nordeste,CE,Itapipoca,23,230640,23006,6ª REGIAO ITAPIPOCA,3/5/2020,19,129358,59,0,4,0,,,
Nordeste,CE,Itapipoca,23,230640,23006,6ª REGIAO ITAPIPOCA,4/5/2020,19,129358,87,28,5,1,,,
Nordeste,CE,Itapipoca,23,230640,23006,6ª REGIAO ITAPIPOCA,5/5/2020,19,129358,89,2,5,0,,,
Nordeste,CE,Itapipoca,23,230640,23006,6ª REGIAO ITAPIPOCA,6/5/2020,19,129358,103,14,5,0,,,
Nordeste,CE,Itapipoca,23,230640,23006,6ª REGIAO ITAPIPOCA,7/5/2020,19,129358,152,49,6,1,,,
Nordeste,CE,Itapipoca,23,230640,23006,6ª REGIAO ITAPIPOCA,8/5/2020,19,129358,186,34,7,1,,,
Nordeste,CE,Itapipoca,23,230640,23006,6ª REGIAO ITAPIPOCA,9/5/2020,19,129358,193,7,10,3,,,
Nordeste,CE,Itapipoca,23,230640,23006,6ª REGIAO ITAPIPOCA,10/5/2020,20,129358,201,8,14,4,,,
Nordeste,CE,Itapipoca,23,230640,23006,6ª REGIAO ITAPIPOCA,11/5/2020,20,129358,255,54,17,3,,,
Nordeste,CE,Itapipoca,23,230640,23006,6ª REGIAO ITAPIPOCA,12/5/2020,20,129358,269,14,19,2,,,
Nordeste,CE,Itapipoca,23,230640,23006,6ª REGIAO ITAPIPOCA,13/5/2020,20,129358,277,8,21,2,,,
Nordeste,CE,Itapipoca,23,230640,23006,6ª REGIAO ITAPIPOCA,14/5/2020,20,129358,382,105,21,0,,,
Nordeste,CE,Itapipoca,23,230640,23006,6ª REGIAO ITAPIPOCA,15/5/2020,20,129358,422,40,25,4,,,
Nordeste,CE,Itapipoca,23,230640,23006,6ª REGIAO ITAPIPOCA,16/5/2020,20,129358,442,20,30,5,,,
Nordeste,CE,Itapipoca,23,230640,23006,6ª REGIAO ITAPIPOCA,17/5/2020,21,129358,450,8,30,0,,,
Nordeste,CE,Itapipoca,23,230640,23006,6ª REGIAO ITAPIPOCA,18/5/2020,21,129358,486,36,30,0,,,
Nordeste,CE,Itapipoca,23,230640,23006,6ª REGIAO ITAPIPOCA,19/5/2020,21,129358,499,13,33,3,,,
Nordeste,CE,Itapipoca,23,230640,23006,6ª REGIAO ITAPIPOCA,20/5/2020,21,129358,530,31,35,2,,,
Nordeste,CE,Itapipoca,23,230640,23006,6ª REGIAO ITAPIPOCA,21/5/2020,21,129358,536,6,42,7,,,
Nordeste,CE,Itapipoca,23,230640,23006,6ª REGIAO ITAPIPOCA,22/5/2020,21,129358,689,153,44,2,,,
Nordeste,CE,Itapipoca,23,230640,23006,6ª REGIAO ITAPIPOCA,23/5/2020,21,129358,692,3,46,2,,,
Nordeste,CE,Itapipoca,23,230640,23006,6ª REGIAO ITAPIPOCA,24/5/2020,22,129358,691,-1,46,0,,,
Nordeste,CE,Itapipoca,23,230640,23006,6ª REGIAO ITAPIPOCA,25/5/2020,22,129358,698,7,50,4,,,
Nordeste,CE,Itapipoca,23,230640,23006,6ª REGIAO ITAPIPOCA,26/5/2020,22,129358,701,3,52,2,,,
Nordeste,CE,Itapipoca,23,230640,23006,6ª REGIAO ITAPIPOCA,27/5/2020,22,129358,710,9,54,2,,,
Nordeste,CE,Itapipoca,23,230640,23006,6ª REGIAO ITAPIPOCA,28/5/2020,22,129358,709,-1,54,0,,,
Nordeste,CE,Itapipoca,23,230640,23006,6ª REGIAO ITAPIPOCA,29/5/2020,22,129358,711,2,56,2,,,
Nordeste,CE,Itapipoca,23,230640,23006,6ª REGIAO ITAPIPOCA,30/5/2020,22,129358,945,234,56,0,,,
Nordeste,CE,Itapipoca,23,230640,23006,6ª REGIAO ITAPIPOCA,31/5/2020,23,129358,960,15,56,0,,,
Nordeste,CE,Itapipoca,23,230640,23006,6ª REGIAO ITAPIPOCA,1/6/2020,23,129358,986,26,56,0,,,
Nordeste,CE,Itapipoca,23,230640,23006,6ª REGIAO ITAPIPOCA,2/6/2020,23,129358,1018,32,57,1,,,
Nordeste,CE,Itapipoca,23,230640,23006,6ª REGIAO ITAPIPOCA,3/6/2020,23,129358,1056,38,58,1,,,
Nordeste,CE,Itapipoca,23,230640,23006,6ª REGIAO ITAPIPOCA,4/6/2020,23,129358,1126,70,63,5,,,
Nordeste,CE,Itapipoca,23,230640,23006,6ª REGIAO ITAPIPOCA,5/6/2020,23,129358,1153,27,63,0,,,
Nordeste,CE,Itapipoca,23,230640,23006,6ª REGIAO ITAPIPOCA,6/6/2020,23,129358,1158,5,63,0,,,
Nordeste,CE,Itapipoca,23,230640,23006,6ª REGIAO ITAPIPOCA,7/6/2020,24,129358,1164,6,63,0,,,
Nordeste,CE,Itapipoca,23,230640,23006,6ª REGIAO ITAPIPOCA,8/6/2020,24,129358,1186,22,64,1,,,
Nordeste,CE,Itapipoca,23,230640,23006,6ª REGIAO ITAPIPOCA,9/6/2020,24,129358,1231,45,65,1,,,
Nordeste,CE,Itapipoca,23,230640,23006,6ª REGIAO ITAPIPOCA,10/6/2020,24,129358,1272,41,65,0,,,
Nordeste,CE,Itapipoca,23,230640,23006,6ª REGIAO ITAPIPOCA,11/6/2020,24,129358,1297,25,67,2,,,
Nordeste,CE,Itapipoca,23,230640,23006,6ª REGIAO ITAPIPOCA,12/6/2020,24,129358,1308,11,67,0,,,
Nordeste,CE,Itapipoca,23,230640,23006,6ª REGIAO ITAPIPOCA,13/6/2020,24,129358,1318,10,68,1,,,
Nordeste,CE,Itapipoca,23,230640,23006,6ª REGIAO ITAPIPOCA,14/6/2020,25,129358,1325,7,69,1,,,
Nordeste,CE,Itapipoca,23,230640,23006,6ª REGIAO ITAPIPOCA,15/6/2020,25,129358,1352,27,69,0,,,
Nordeste,CE,Itapipoca,23,230640,23006,6ª REGIAO ITAPIPOCA,16/6/2020,25,129358,1369,17,69,0,,,
Nordeste,CE,Itapipoca,23,230640,23006,6ª REGIAO ITAPIPOCA,17/6/2020,25,129358,1390,21,71,2,,,
Nordeste,CE,Itapipoca,23,230640,23006,6ª REGIAO ITAPIPOCA,18/6/2020,25,129358,1412,22,72,1,,,
Nordeste,CE,Itapipoca,23,230640,23006,6ª REGIAO ITAPIPOCA,19/6/2020,25,129358,1431,19,72,0,,,
Nordeste,CE,Itapipoca,23,230640,23006,6ª REGIAO ITAPIPOCA,20/6/2020,25,129358,1452,21,74,2,,,
Nordeste,CE,Itapipoca,23,230640,23006,6ª REGIAO ITAPIPOCA,21/6/2020,26,129358,1460,8,74,0,,,
Nordeste,CE,Itapipoca,23,230640,23006,6ª REGIAO ITAPIPOCA,22/6/2020,26,129358,1469,9,74,0,,,0
Nordeste,CE,Itapipoca,23,230640,23006,6ª REGIAO ITAPIPOCA,23/6/2020,26,129358,1505,36,76,2,,,0
Nordeste,CE,Itapipoca,23,230640,23006,6ª REGIAO ITAPIPOCA,24/6/2020,26,129358,1521,16,77,1,,,0
Nordeste,CE,Itapipoca,23,230640,23006,6ª REGIAO ITAPIPOCA,25/6/2020,26,129358,1547,26,77,0,,,0
Nordeste,CE,Itapipoca,23,230640,23006,6ª REGIAO ITAPIPOCA,26/6/2020,26,129358,1559,12,78,1,,,0
Nordeste,CE,Itapipoca,23,230640,23006,6ª REGIAO ITAPIPOCA,27/6/2020,26,129358,1575,16,78,0,,,0
Nordeste,CE,Itapipoca,23,230640,23006,6ª REGIAO ITAPIPOCA,28/6/2020,27,129358,1580,5,78,0,,,0
Nordeste,CE,Itapipoca,23,230640,23006,6ª REGIAO ITAPIPOCA,29/6/2020,27,129358,1582,2,79,1,,,0
Nordeste,CE,Itapipoca,23,230640,23006,6ª REGIAO ITAPIPOCA,30/6/2020,27,129358,1607,25,79,0,,,0
Nordeste,CE,Itapipoca,23,230640,23006,6ª REGIAO ITAPIPOCA,1/7/2020,27,129358,1627,20,79,0,,,0
Nordeste,CE,Itapipoca,23,230640,23006,6ª REGIAO ITAPIPOCA,2/7/2020,27,129358,1636,9,81,2,,,0
Nordeste,CE,Itapipoca,23,230640,23006,6ª REGIAO ITAPIPOCA,3/7/2020,27,129358,1665,29,82,1,,,0
Nordeste,CE,Itapipoca,23,230640,23006,6ª REGIAO ITAPIPOCA,4/7/2020,27,129358,1701,36,85,3,,,0
Nordeste,CE,Itapipoca,23,230640,23006,6ª REGIAO ITAPIPOCA,5/7/2020,28,129358,1704,3,85,0,,,0
Nordeste,CE,Itapipoca,23,230640,23006,6ª REGIAO ITAPIPOCA,6/7/2020,28,129358,1707,3,86,1,,,0
Nordeste,CE,Itapipoca,23,230640,23006,6ª REGIAO ITAPIPOCA,7/7/2020,28,129358,1716,9,89,3,,,0
Nordeste,CE,Itapipoca,23,230640,23006,6ª REGIAO ITAPIPOCA,8/7/2020,28,129358,1730,14,89,0,,,0
Nordeste,CE,Itapipoca,23,230640,23006,6ª REGIAO ITAPIPOCA,9/7/2020,28,129358,1733,3,89,0,,,0
Nordeste,CE,Itapipoca,23,230640,23006,6ª REGIAO ITAPIPOCA,10/7/2020,28,129358,1750,17,92,3,,,0
Nordeste,CE,Sobral,23,231290,23011,11ª REGIAO SOBRAL,10/4/2020,15,208935,14,0,0,0,,,
Nordeste,CE,Sobral,23,231290,23011,11ª REGIAO SOBRAL,11/4/2020,15,208935,14,0,0,0,,,
Nordeste,CE,Sobral,23,231290,23011,11ª REGIAO SOBRAL,12/4/2020,16,208935,14,0,0,0,,,
Nordeste,CE,Sobral,23,231290,23011,11ª REGIAO SOBRAL,13/4/2020,16,208935,17,3,0,0,,,
Nordeste,CE,Sobral,23,231290,23011,11ª REGIAO SOBRAL,14/4/2020,16,208935,17,0,0,0,,,
Nordeste,CE,Sobral,23,231290,23011,11ª REGIAO SOBRAL,15/4/2020,16,208935,20,3,0,0,,,
Nordeste,CE,Sobral,23,231290,23011,11ª REGIAO SOBRAL,16/4/2020,16,208935,21,1,0,0,,,
Nordeste,CE,Sobral,23,231290,23011,11ª REGIAO SOBRAL,17/4/2020,16,208935,21,0,0,0,,,
Nordeste,CE,Sobral,23,231290,23011,11ª REGIAO SOBRAL,18/4/2020,16,208935,24,3,0,0,,,
Nordeste,CE,Sobral,23,231290,23011,11ª REGIAO SOBRAL,19/4/2020,17,208935,28,4,0,0,,,
Nordeste,CE,Sobral,23,231290,23011,11ª REGIAO SOBRAL,20/4/2020,17,208935,29,1,0,0,,,
Nordeste,CE,Sobral,23,231290,23011,11ª REGIAO SOBRAL,21/4/2020,17,208935,32,3,0,0,,,
Nordeste,CE,Sobral,23,231290,23011,11ª REGIAO SOBRAL,22/4/2020,17,208935,69,37,0,0,,,
Nordeste,CE,Sobral,23,231290,23011,11ª REGIAO SOBRAL,23/4/2020,17,208935,75,6,2,2,,,
Nordeste,CE,Sobral,23,231290,23011,11ª REGIAO SOBRAL,24/4/2020,17,208935,79,4,2,0,,,
Nordeste,CE,Sobral,23,231290,23011,11ª REGIAO SOBRAL,25/4/2020,17,208935,90,11,2,0,,,
Nordeste,CE,Sobral,23,231290,23011,11ª REGIAO SOBRAL,26/4/2020,18,208935,92,2,2,0,,,
Nordeste,CE,Sobral,23,231290,23011,11ª REGIAO SOBRAL,27/4/2020,18,208935,104,12,2,0,,,
Nordeste,CE,Sobral,23,231290,23011,11ª REGIAO SOBRAL,28/4/2020,18,208935,104,0,4,2,,,
Nordeste,CE,Sobral,23,231290,23011,11ª REGIAO SOBRAL,29/4/2020,18,208935,121,17,5,1,,,
Nordeste,CE,Sobral,23,231290,23011,11ª REGIAO SOBRAL,30/4/2020,18,208935,123,2,4,-1,,,
Nordeste,CE,Sobral,23,231290,23011,11ª REGIAO SOBRAL,1/5/2020,18,208935,141,18,5,1,,,
Nordeste,CE,Sobral,23,231290,23011,11ª REGIAO SOBRAL,2/5/2020,18,208935,141,0,5,0,,,
Nordeste,CE,Sobral,23,231290,23011,11ª REGIAO SOBRAL,3/5/2020,19,208935,142,1,6,1,,,
Nordeste,CE,Sobral,23,231290,23011,11ª REGIAO SOBRAL,4/5/2020,19,208935,161,19,5,-1,,,
Nordeste,CE,Sobral,23,231290,23011,11ª REGIAO SOBRAL,5/5/2020,19,208935,170,9,5,0,,,
Nordeste,CE,Sobral,23,231290,23011,11ª REGIAO SOBRAL,6/5/2020,19,208935,171,1,5,0,,,
Nordeste,CE,Sobral,23,231290,23011,11ª REGIAO SOBRAL,7/5/2020,19,208935,236,65,5,0,,,
Nordeste,CE,Sobral,23,231290,23011,11ª REGIAO SOBRAL,8/5/2020,19,208935,256,20,5,0,,,
Nordeste,CE,Sobral,23,231290,23011,11ª REGIAO SOBRAL,9/5/2020,19,208935,261,5,5,0,,,
Nordeste,CE,Sobral,23,231290,23011,11ª REGIAO SOBRAL,10/5/2020,20,208935,270,9,5,0,,,
Nordeste,CE,Sobral,23,231290,23011,11ª REGIAO SOBRAL,11/5/2020,20,208935,308,38,5,0,,,
Nordeste,CE,Sobral,23,231290,23011,11ª REGIAO SOBRAL,12/5/2020,20,208935,324,16,15,10,,,
Nordeste,CE,Sobral,23,231290,23011,11ª REGIAO SOBRAL,13/5/2020,20,208935,324,0,15,0,,,
Nordeste,CE,Sobral,23,231290,23011,11ª REGIAO SOBRAL,14/5/2020,20,208935,441,117,15,0,,,
Nordeste,CE,Sobral,23,231290,23011,11ª REGIAO SOBRAL,15/5/2020,20,208935,529,88,15,0,,,
Nordeste,CE,Sobral,23,231290,23011,11ª REGIAO SOBRAL,16/5/2020,20,208935,538,9,19,4,,,
Nordeste,CE,Sobral,23,231290,23011,11ª REGIAO SOBRAL,17/5/2020,21,208935,547,9,19,0,,,
Nordeste,CE,Sobral,23,231290,23011,11ª REGIAO SOBRAL,18/5/2020,21,208935,737,190,25,6,,,
Nordeste,CE,Sobral,23,231290,23011,11ª REGIAO SOBRAL,19/5/2020,21,208935,794,57,30,5,,,
Nordeste,CE,Sobral,23,231290,23011,11ª REGIAO SOBRAL,20/5/2020,21,208935,838,44,30,0,,,
Nordeste,CE,Sobral,23,231290,23011,11ª REGIAO SOBRAL,21/5/2020,21,208935,840,2,34,4,,,
Nordeste,CE,Sobral,23,231290,23011,11ª REGIAO SOBRAL,22/5/2020,21,208935,1117,277,37,3,,,
Nordeste,CE,Sobral,23,231290,23011,11ª REGIAO SOBRAL,23/5/2020,21,208935,1126,9,37,0,,,
Nordeste,CE,Sobral,23,231290,23011,11ª REGIAO SOBRAL,24/5/2020,22,208935,1152,26,38,1,,,
Nordeste,CE,Sobral,23,231290,23011,11ª REGIAO SOBRAL,25/5/2020,22,208935,1159,7,43,5,,,
Nordeste,CE,Sobral,23,231290,23011,11ª REGIAO SOBRAL,26/5/2020,22,208935,1163,4,46,3,,,
Nordeste,CE,Sobral,23,231290,23011,11ª REGIAO SOBRAL,27/5/2020,22,208935,1170,7,51,5,,,
Nordeste,CE,Sobral,23,231290,23011,11ª REGIAO SOBRAL,28/5/2020,22,208935,1186,16,57,6,,,
Nordeste,CE,Sobral,23,231290,23011,11ª REGIAO SOBRAL,29/5/2020,22,208935,1195,9,64,7,,,
Nordeste,CE,Sobral,23,231290,23011,11ª REGIAO SOBRAL,30/5/2020,22,208935,2132,937,68,4,,,
Nordeste,CE,Sobral,23,231290,23011,11ª REGIAO SOBRAL,31/5/2020,23,208935,2147,15,73,5,,,
Nordeste,CE,Sobral,23,231290,23011,11ª REGIAO SOBRAL,1/6/2020,23,208935,2222,75,73,0,,,
Nordeste,CE,Sobral,23,231290,23011,11ª REGIAO SOBRAL,2/6/2020,23,208935,2360,138,85,12,,,
Nordeste,CE,Sobral,23,231290,23011,11ª REGIAO SOBRAL,3/6/2020,23,208935,2503,143,94,9,,,
Nordeste,CE,Sobral,23,231290,23011,11ª REGIAO SOBRAL,4/6/2020,23,208935,2771,268,105,11,,,
Nordeste,CE,Sobral,23,231290,23011,11ª REGIAO SOBRAL,5/6/2020,23,208935,2884,113,112,7,,,
Nordeste,CE,Sobral,23,231290,23011,11ª REGIAO SOBRAL,6/6/2020,23,208935,3047,163,118,6,,,
Nordeste,CE,Sobral,23,231290,23011,11ª REGIAO SOBRAL,7/6/2020,24,208935,3060,13,125,7,,,
Nordeste,CE,Sobral,23,231290,23011,11ª REGIAO SOBRAL,8/6/2020,24,208935,3078,18,132,7,,,
Nordeste,CE,Sobral,23,231290,23011,11ª REGIAO SOBRAL,9/6/2020,24,208935,3193,115,137,5,,,
Nordeste,CE,Sobral,23,231290,23011,11ª REGIAO SOBRAL,10/6/2020,24,208935,3451,258,143,6,,,
Nordeste,CE,Sobral,23,231290,23011,11ª REGIAO SOBRAL,11/6/2020,24,208935,3660,209,151,8,,,
Nordeste,CE,Sobral,23,231290,23011,11ª REGIAO SOBRAL,12/6/2020,24,208935,3746,86,161,10,,,
Nordeste,CE,Sobral,23,231290,23011,11ª REGIAO SOBRAL,13/6/2020,24,208935,3857,111,161,0,,,
Nordeste,CE,Sobral,23,231290,23011,11ª REGIAO SOBRAL,14/6/2020,25,208935,3860,3,162,1,,,
Nordeste,CE,Sobral,23,231290,23011,11ª REGIAO SOBRAL,15/6/2020,25,208935,4013,153,172,10,,,
Nordeste,CE,Sobral,23,231290,23011,11ª REGIAO SOBRAL,16/6/2020,25,208935,4137,124,175,3,,,
Nordeste,CE,Sobral,23,231290,23011,11ª REGIAO SOBRAL,17/6/2020,25,208935,4436,299,181,6,,,
Nordeste,CE,Sobral,23,231290,23011,11ª REGIAO SOBRAL,18/6/2020,25,208935,4638,202,184,3,,,
Nordeste,CE,Sobral,23,231290,23011,11ª REGIAO SOBRAL,19/6/2020,25,208935,4942,304,188,4,,,
Nordeste,CE,Sobral,23,231290,23011,11ª REGIAO SOBRAL,20/6/2020,25,208935,5081,139,192,4,,,
Nordeste,CE,Sobral,23,231290,23011,11ª REGIAO SOBRAL,21/6/2020,26,208935,5112,31,192,0,,,
Nordeste,CE,Sobral,23,231290,23011,11ª REGIAO SOBRAL,22/6/2020,26,208935,5196,84,200,8,,,0
Nordeste,CE,Sobral,23,231290,23011,11ª REGIAO SOBRAL,23/6/2020,26,208935,5499,303,201,1,,,0
Nordeste,CE,Sobral,23,231290,23011,11ª REGIAO SOBRAL,24/6/2020,26,208935,5689,190,204,3,,,0
Nordeste,CE,Sobral,23,231290,23011,11ª REGIAO SOBRAL,25/6/2020,26,208935,5930,241,205,1,,,0
Nordeste,CE,Sobral,23,231290,23011,11ª REGIAO SOBRAL,26/6/2020,26,208935,6125,195,211,6,,,0
Nordeste,CE,Sobral,23,231290,23011,11ª REGIAO SOBRAL,27/6/2020,26,208935,6268,143,215,4,,,0
Nordeste,CE,Sobral,23,231290,23011,11ª REGIAO SOBRAL,28/6/2020,27,208935,6380,112,218,3,,,0
Nordeste,CE,Sobral,23,231290,23011,11ª REGIAO SOBRAL,29/6/2020,27,208935,6404,24,225,7,,,0
Nordeste,CE,Sobral,23,231290,23011,11ª REGIAO SOBRAL,30/6/2020,27,208935,6565,161,228,3,,,0
Nordeste,CE,Sobral,23,231290,23011,11ª REGIAO SOBRAL,1/7/2020,27,208935,6784,219,232,4,,,0
Nordeste,CE,Sobral,23,231290,23011,11ª REGIAO SOBRAL,2/7/2020,27,208935,6923,139,236,4,,,0
Nordeste,CE,Sobral,23,231290,23011,11ª REGIAO SOBRAL,3/7/2020,27,208935,7145,222,239,3,,,0
Nordeste,CE,Sobral,23,231290,23011,11ª REGIAO SOBRAL,4/7/2020,27,208935,7347,202,239,0,,,0
Nordeste,CE,Sobral,23,231290,23011,11ª REGIAO SOBRAL,5/7/2020,28,208935,7429,82,246,7,,,0
Nordeste,CE,Sobral,23,231290,23011,11ª REGIAO SOBRAL,6/7/2020,28,208935,7435,6,247,1,,,0
Nordeste,CE,Sobral,23,231290,23011,11ª REGIAO SOBRAL,7/7/2020,28,208935,7495,60,249,2,,,0
Nordeste,CE,Sobral,23,231290,23011,11ª REGIAO SOBRAL,8/7/2020,28,208935,7697,202,249,0,,,0
Nordeste,CE,Sobral,23,231290,23011,11ª REGIAO SOBRAL,9/7/2020,28,208935,7877,180,253,4,,,0
Nordeste,CE,Sobral,23,231290,23011,11ª REGIAO SOBRAL,10/7/2020,28,208935,8099,222,254,1,,,0
Nordeste,CE,Juazeiro do Norte,23,230730,23021,21ª REGIAO JUAZEIRO DO NORTE,10/4/2020,15,274207,3,0,0,0,,,
Nordeste,CE,Juazeiro do Norte,23,230730,23021,21ª REGIAO JUAZEIRO DO NORTE,11/4/2020,15,274207,3,0,0,0,,,
Nordeste,CE,Juazeiro do Norte,23,230730,23021,21ª REGIAO JUAZEIRO DO NORTE,12/4/2020,16,274207,3,0,0,0,,,
Nordeste,CE,Juazeiro do Norte,23,230730,23021,21ª REGIAO JUAZEIRO DO NORTE,13/4/2020,16,274207,3,0,0,0,,,
Nordeste,CE,Juazeiro do Norte,23,230730,23021,21ª REGIAO JUAZEIRO DO NORTE,14/4/2020,16,274207,3,0,0,0,,,
Nordeste,CE,Juazeiro do Norte,23,230730,23021,21ª REGIAO JUAZEIRO DO NORTE,15/4/2020,16,274207,3,0,0,0,,,
Nordeste,CE,Juazeiro do Norte,23,230730,23021,21ª REGIAO JUAZEIRO DO NORTE,16/4/2020,16,274207,3,0,0,0,,,
Nordeste,CE,Juazeiro do Norte,23,230730,23021,21ª REGIAO JUAZEIRO DO NORTE,17/4/2020,16,274207,3,0,0,0,,,
Nordeste,CE,Juazeiro do Norte,23,230730,23021,21ª REGIAO JUAZEIRO DO NORTE,18/4/2020,16,274207,3,0,0,0,,,
Nordeste,CE,Juazeiro do Norte,23,230730,23021,21ª REGIAO JUAZEIRO DO NORTE,19/4/2020,17,274207,5,2,0,0,,,
Nordeste,CE,Juazeiro do Norte,23,230730,23021,21ª REGIAO JUAZEIRO DO NORTE,20/4/2020,17,274207,5,0,0,0,,,
Nordeste,CE,Juazeiro do Norte,23,230730,23021,21ª REGIAO JUAZEIRO DO NORTE,21/4/2020,17,274207,7,2,0,0,,,
Nordeste,CE,Juazeiro do Norte,23,230730,23021,21ª REGIAO JUAZEIRO DO NORTE,22/4/2020,17,274207,8,1,0,0,,,
Nordeste,CE,Juazeiro do Norte,23,230730,23021,21ª REGIAO JUAZEIRO DO NORTE,23/4/2020,17,274207,9,1,0,0,,,
Nordeste,CE,Juazeiro do Norte,23,230730,23021,21ª REGIAO JUAZEIRO DO NORTE,24/4/2020,17,274207,10,1,0,0,,,
Nordeste,CE,Juazeiro do Norte,23,230730,23021,21ª REGIAO JUAZEIRO DO NORTE,25/4/2020,17,274207,9,-1,0,0,,,
Nordeste,CE,Juazeiro do Norte,23,230730,23021,21ª REGIAO JUAZEIRO DO NORTE,26/4/2020,18,274207,14,5,0,0,,,
Nordeste,CE,Juazeiro do Norte,23,230730,23021,21ª REGIAO JUAZEIRO DO NORTE,27/4/2020,18,274207,14,0,0,0,,,
Nordeste,CE,Juazeiro do Norte,23,230730,23021,21ª REGIAO JUAZEIRO DO NORTE,28/4/2020,18,274207,12,-2,0,0,,,
Nordeste,CE,Juazeiro do Norte,23,230730,23021,21ª REGIAO JUAZEIRO DO NORTE,29/4/2020,18,274207,12,0,0,0,,,
Nordeste,CE,Juazeiro do Norte,23,230730,23021,21ª REGIAO JUAZEIRO DO NORTE,30/4/2020,18,274207,13,1,0,0,,,
Nordeste,CE,Juazeiro do Norte,23,230730,23021,21ª REGIAO JUAZEIRO DO NORTE,1/5/2020,18,274207,12,-1,0,0,,,
Nordeste,CE,Juazeiro do Norte,23,230730,23021,21ª REGIAO JUAZEIRO DO NORTE,2/5/2020,18,274207,13,1,1,1,,,
Nordeste,CE,Juazeiro do Norte,23,230730,23021,21ª REGIAO JUAZEIRO DO NORTE,3/5/2020,19,274207,12,-1,1,0,,,
Nordeste,CE,Juazeiro do Norte,23,230730,23021,21ª REGIAO JUAZEIRO DO NORTE,4/5/2020,19,274207,20,8,1,0,,,
Nordeste,CE,Juazeiro do Norte,23,230730,23021,21ª REGIAO JUAZEIRO DO NORTE,5/5/2020,19,274207,21,1,1,0,,,
Nordeste,CE,Juazeiro do Norte,23,230730,23021,21ª REGIAO JUAZEIRO DO NORTE,6/5/2020,19,274207,21,0,2,1,,,
Nordeste,CE,Juazeiro do Norte,23,230730,23021,21ª REGIAO JUAZEIRO DO NORTE,7/5/2020,19,274207,23,2,2,0,,,
Nordeste,CE,Juazeiro do Norte,23,230730,23021,21ª REGIAO JUAZEIRO DO NORTE,8/5/2020,19,274207,25,2,2,0,,,
Nordeste,CE,Juazeiro do Norte,23,230730,23021,21ª REGIAO JUAZEIRO DO NORTE,9/5/2020,19,274207,25,0,2,0,,,
Nordeste,CE,Juazeiro do Norte,23,230730,23021,21ª REGIAO JUAZEIRO DO NORTE,10/5/2020,20,274207,31,6,4,2,,,
Nordeste,CE,Juazeiro do Norte,23,230730,23021,21ª REGIAO JUAZEIRO DO NORTE,11/5/2020,20,274207,33,2,6,2,,,
Nordeste,CE,Juazeiro do Norte,23,230730,23021,21ª REGIAO JUAZEIRO DO NORTE,12/5/2020,20,274207,41,8,7,1,,,
Nordeste,CE,Juazeiro do Norte,23,230730,23021,21ª REGIAO JUAZEIRO DO NORTE,13/5/2020,20,274207,41,0,7,0,,,
Nordeste,CE,Juazeiro do Norte,23,230730,23021,21ª REGIAO JUAZEIRO DO NORTE,14/5/2020,20,274207,43,2,7,0,,,
Nordeste,CE,Juazeiro do Norte,23,230730,23021,21ª REGIAO JUAZEIRO DO NORTE,15/5/2020,20,274207,46,3,7,0,,,
Nordeste,CE,Juazeiro do Norte,23,230730,23021,21ª REGIAO JUAZEIRO DO NORTE,16/5/2020,20,274207,46,0,7,0,,,
Nordeste,CE,Juazeiro do Norte,23,230730,23021,21ª REGIAO JUAZEIRO DO NORTE,17/5/2020,21,274207,49,3,7,0,,,
Nordeste,CE,Juazeiro do Norte,23,230730,23021,21ª REGIAO JUAZEIRO DO NORTE,18/5/2020,21,274207,54,5,7,0,,,
Nordeste,CE,Juazeiro do Norte,23,230730,23021,21ª REGIAO JUAZEIRO DO NORTE,19/5/2020,21,274207,65,11,7,0,,,
Nordeste,CE,Juazeiro do Norte,23,230730,23021,21ª REGIAO JUAZEIRO DO NORTE,20/5/2020,21,274207,66,1,7,0,,,
Nordeste,CE,Juazeiro do Norte,23,230730,23021,21ª REGIAO JUAZEIRO DO NORTE,21/5/2020,21,274207,68,2,9,2,,,
Nordeste,CE,Juazeiro do Norte,23,230730,23021,21ª REGIAO JUAZEIRO DO NORTE,22/5/2020,21,274207,96,28,9,0,,,
Nordeste,CE,Juazeiro do Norte,23,230730,23021,21ª REGIAO JUAZEIRO DO NORTE,23/5/2020,21,274207,96,0,9,0,,,
Nordeste,CE,Juazeiro do Norte,23,230730,23021,21ª REGIAO JUAZEIRO DO NORTE,24/5/2020,22,274207,96,0,9,0,,,
Nordeste,CE,Juazeiro do Norte,23,230730,23021,21ª REGIAO JUAZEIRO DO NORTE,25/5/2020,22,274207,97,1,9,0,,,
Nordeste,CE,Juazeiro do Norte,23,230730,23021,21ª REGIAO JUAZEIRO DO NORTE,26/5/2020,22,274207,97,0,10,1,,,
Nordeste,CE,Juazeiro do Norte,23,230730,23021,21ª REGIAO JUAZEIRO DO NORTE,27/5/2020,22,274207,96,-1,9,-1,,,
Nordeste,CE,Juazeiro do Norte,23,230730,23021,21ª REGIAO JUAZEIRO DO NORTE,28/5/2020,22,274207,100,4,11,2,,,
Nordeste,CE,Juazeiro do Norte,23,230730,23021,21ª REGIAO JUAZEIRO DO NORTE,29/5/2020,22,274207,106,6,12,1,,,
Nordeste,CE,Juazeiro do Norte,23,230730,23021,21ª REGIAO JUAZEIRO DO NORTE,30/5/2020,22,274207,241,135,12,0,,,
Nordeste,CE,Juazeiro do Norte,23,230730,23021,21ª REGIAO JUAZEIRO DO NORTE,31/5/2020,23,274207,242,1,12,0,,,
Nordeste,CE,Juazeiro do Norte,23,230730,23021,21ª REGIAO JUAZEIRO DO NORTE,1/6/2020,23,274207,282,40,11,-1,,,
Nordeste,CE,Juazeiro do Norte,23,230730,23021,21ª REGIAO JUAZEIRO DO NORTE,2/6/2020,23,274207,307,25,14,3,,,
Nordeste,CE,Juazeiro do Norte,23,230730,23021,21ª REGIAO JUAZEIRO DO NORTE,3/6/2020,23,274207,337,30,15,1,,,
Nordeste,CE,Juazeiro do Norte,23,230730,23021,21ª REGIAO JUAZEIRO DO NORTE,4/6/2020,23,274207,414,77,21,6,,,
Nordeste,CE,Juazeiro do Norte,23,230730,23021,21ª REGIAO JUAZEIRO DO NORTE,5/6/2020,23,274207,424,10,21,0,,,
Nordeste,CE,Juazeiro do Norte,23,230730,23021,21ª REGIAO JUAZEIRO DO NORTE,6/6/2020,23,274207,429,5,21,0,,,
Nordeste,CE,Juazeiro do Norte,23,230730,23021,21ª REGIAO JUAZEIRO DO NORTE,7/6/2020,24,274207,476,47,21,0,,,
Nordeste,CE,Juazeiro do Norte,23,230730,23021,21ª REGIAO JUAZEIRO DO NORTE,8/6/2020,24,274207,478,2,21,0,,,
Nordeste,CE,Juazeiro do Norte,23,230730,23021,21ª REGIAO JUAZEIRO DO NORTE,9/6/2020,24,274207,522,44,27,6,,,
Nordeste,CE,Juazeiro do Norte,23,230730,23021,21ª REGIAO JUAZEIRO DO NORTE,10/6/2020,24,274207,582,60,28,1,,,
Nordeste,CE,Juazeiro do Norte,23,230730,23021,21ª REGIAO JUAZEIRO DO NORTE,11/6/2020,24,274207,619,37,28,0,,,
Nordeste,CE,Juazeiro do Norte,23,230730,23021,21ª REGIAO JUAZEIRO DO NORTE,12/6/2020,24,274207,629,10,28,0,,,
Nordeste,CE,Juazeiro do Norte,23,230730,23021,21ª REGIAO JUAZEIRO DO NORTE,13/6/2020,24,274207,647,18,37,9,,,
Nordeste,CE,Juazeiro do Norte,23,230730,23021,21ª REGIAO JUAZEIRO DO NORTE,14/6/2020,25,274207,647,0,37,0,,,
Nordeste,CE,Juazeiro do Norte,23,230730,23021,21ª REGIAO JUAZEIRO DO NORTE,15/6/2020,25,274207,805,158,40,3,,,
Nordeste,CE,Juazeiro do Norte,23,230730,23021,21ª REGIAO JUAZEIRO DO NORTE,16/6/2020,25,274207,825,20,41,1,,,
Nordeste,CE,Juazeiro do Norte,23,230730,23021,21ª REGIAO JUAZEIRO DO NORTE,17/6/2020,25,274207,901,76,47,6,,,
Nordeste,CE,Juazeiro do Norte,23,230730,23021,21ª REGIAO JUAZEIRO DO NORTE,18/6/2020,25,274207,917,16,49,2,,,
Nordeste,CE,Juazeiro do Norte,23,230730,23021,21ª REGIAO JUAZEIRO DO NORTE,19/6/2020,25,274207,1022,105,52,3,,,
Nordeste,CE,Juazeiro do Norte,23,230730,23021,21ª REGIAO JUAZEIRO DO NORTE,20/6/2020,25,274207,1176,154,58,6,,,
Nordeste,CE,Juazeiro do Norte,23,230730,23021,21ª REGIAO JUAZEIRO DO NORTE,21/6/2020,26,274207,1190,14,58,0,,,
Nordeste,CE,Juazeiro do Norte,23,230730,23021,21ª REGIAO JUAZEIRO DO NORTE,22/6/2020,26,274207,1207,17,61,3,,,0
Nordeste,CE,Juazeiro do Norte,23,230730,23021,21ª REGIAO JUAZEIRO DO NORTE,23/6/2020,26,274207,1275,68,67,6,,,0
Nordeste,CE,Juazeiro do Norte,23,230730,23021,21ª REGIAO JUAZEIRO DO NORTE,24/6/2020,26,274207,1290,15,70,3,,,0
Nordeste,CE,Juazeiro do Norte,23,230730,23021,21ª REGIAO JUAZEIRO DO NORTE,25/6/2020,26,274207,1325,35,70,0,,,0
Nordeste,CE,Juazeiro do Norte,23,230730,23021,21ª REGIAO JUAZEIRO DO NORTE,26/6/2020,26,274207,1361,36,71,1,,,0
Nordeste,CE,Juazeiro do Norte,23,230730,23021,21ª REGIAO JUAZEIRO DO NORTE,27/6/2020,26,274207,1407,46,81,10,,,0
Nordeste,CE,Juazeiro do Norte,23,230730,23021,21ª REGIAO JUAZEIRO DO NORTE,28/6/2020,27,274207,1462,55,81,0,,,0
Nordeste,CE,Juazeiro do Norte,23,230730,23021,21ª REGIAO JUAZEIRO DO NORTE,29/6/2020,27,274207,1564,102,85,4,,,0
Nordeste,CE,Juazeiro do Norte,23,230730,23021,21ª REGIAO JUAZEIRO DO NORTE,30/6/2020,27,274207,1715,151,88,3,,,0
Nordeste,CE,Juazeiro do Norte,23,230730,23021,21ª REGIAO JUAZEIRO DO NORTE,1/7/2020,27,274207,1783,68,90,2,,,0
Nordeste,CE,Juazeiro do Norte,23,230730,23021,21ª REGIAO JUAZEIRO DO NORTE,2/7/2020,27,274207,1982,199,103,13,,,0
Nordeste,CE,Juazeiro do Norte,23,230730,23021,21ª REGIAO JUAZEIRO DO NORTE,3/7/2020,27,274207,2090,108,104,1,,,0
Nordeste,CE,Juazeiro do Norte,23,230730,23021,21ª REGIAO JUAZEIRO DO NORTE,4/7/2020,27,274207,2141,51,108,4,,,0
Nordeste,CE,Juazeiro do Norte,23,230730,23021,21ª REGIAO JUAZEIRO DO NORTE,5/7/2020,28,274207,2254,113,108,0,,,0
Nordeste,CE,Juazeiro do Norte,23,230730,23021,21ª REGIAO JUAZEIRO DO NORTE,6/7/2020,28,274207,2356,102,114,6,,,0
Nordeste,CE,Juazeiro do Norte,23,230730,23021,21ª REGIAO JUAZEIRO DO NORTE,7/7/2020,28,274207,2584,228,124,10,,,0
Nordeste,CE,Juazeiro do Norte,23,230730,23021,21ª REGIAO JUAZEIRO DO NORTE,8/7/2020,28,274207,2992,408,125,1,,,0
Nordeste,CE,Juazeiro do Norte,23,230730,23021,21ª REGIAO JUAZEIRO DO NORTE,9/7/2020,28,274207,3378,386,126,1,,,0
Nordeste,CE,Juazeiro do Norte,23,230730,23021,21ª REGIAO JUAZEIRO DO NORTE,10/7/2020,28,274207,3702,324,126,0,,,0